{
  "loadgen": {"tag":"rust-firehose-50k","target":"127.0.0.1:18288","connections":1000,"rate":50,"duration":30,"mix":"Realistic","elapsed_s":30.025743721,"sent_total":1392750,"bytes_total":518575533,"msg_per_s":46385.19574873713,"mb_per_s":16.470938123437456,"pli":974663,"chat":278708,"detail":139379,"errors":44},
  "system": {
    "target_pid": "2404374",
    "samples": 26,
    "peak_cpu_pct": 1700,
    "max_rss_mb": 111
  },
  "captured_at": "2026-04-28T13-53-48Z"
}
