{
  "loadgen": {"tag":"rust-persist-200k","target":"127.0.0.1:18088","connections":2000,"rate":100,"duration":20,"mix":"Realistic","elapsed_s":20.044266976,"sent_total":2296539,"bytes_total":855148459,"msg_per_s":114573.35919291839,"mb_per_s":40.68660246040235,"pli":1607640,"chat":459356,"detail":229543,"errors":804},
  "system": {
    "target_pid": "2430454",
    "samples": 18,
    "peak_cpu_pct": 6290,
    "max_rss_mb": 176
  },
  "captured_at": "2026-04-28T14-25-11Z"
}
