{
  "loadgen": {"tag":"rust-nopersist-200k","target":"127.0.0.1:18089","connections":2000,"rate":100,"duration":20,"mix":"Realistic","elapsed_s":20.047110605,"sent_total":2842972,"bytes_total":1058452466,"msg_per_s":141814.55153397153,"mb_per_s":50.35234013770034,"pli":1990341,"chat":568239,"detail":284392,"errors":526},
  "system": {
    "target_pid": "2430968",
    "samples": 18,
    "peak_cpu_pct": 6090,
    "max_rss_mb": 226
  },
  "captured_at": "2026-04-28T14-25-38Z"
}
