{
  "loadgen": {"tag":"rust-persist-50k","target":"127.0.0.1:18090","connections":1000,"rate":50,"duration":30,"mix":"Realistic","elapsed_s":30.030568708,"sent_total":1256729,"bytes_total":467900017,"msg_per_s":41848.325025733306,"mb_per_s":14.8590002806066,"pli":879534,"chat":251462,"detail":125733,"errors":144},
  "system": {
    "target_pid": "2431475",
    "samples": 26,
    "peak_cpu_pct": 2060,
    "max_rss_mb": 111
  },
  "captured_at": "2026-04-28T14-26-15Z"
}
