{
  "loadgen": {"tag":"rust-nopersist-50k","target":"127.0.0.1:18091","connections":1000,"rate":50,"duration":30,"mix":"Realistic","elapsed_s":30.03352441,"sent_total":1315449,"bytes_total":489648944,"msg_per_s":43799.35508208309,"mb_per_s":15.548145984250878,"pli":920845,"chat":262994,"detail":131610,"errors":98},
  "system": {
    "target_pid": "2432105",
    "samples": 27,
    "peak_cpu_pct": 2110,
    "max_rss_mb": 105
  },
  "captured_at": "2026-04-28T14-26-53Z"
}
